<?xml version="1.0" encoding="UTF-8"?>
<!DOCTYPE mapper PUBLIC "-//mybatis.org//DTD Mapper 3.0//EN" "http://mybatis.org/dtd/mybatis-3-mapper.dtd">

<mapper namespace="com.itcast.ssm.dao.CustomerMapper">
	
	
	<!--将公共的查询条件抽取出来-->
	<sql id="quer_sql_customerbyqueryvo">
		<where>
			<if test="custName!=null and custName!=''">
			  AND	c.cust_name LIKE '%${custName}%'
			</if>
			<if test="custSource!=null and custSource!=''">
			  AND   c.cust_source =#{custSource}
			</if>
			<if test="custIndustry!=null and custIndustry!=''">
			  AND c.cust_industry=#{custIndustry}
			</if>
			<if test="custLevel!=null and custLevel!=''">
			  AND c.cust_level=#{custLevel} 
			</if>
		</where>
	</sql>
	
	
	<!--根据queryVo来查询customer信息-->
	<select id="getCustomerByQueryVo" parameterType="queryVo" resultType="customer">
		
		SELECT  
		  c.cust_id,
		  c.cust_name,
		  b.dict_item_name AS cust_source,
		  d.dict_item_name AS cust_industry,
		  e.dict_item_name AS cust_level,
		  c.cust_createtime,
		  c.cust_phone,
		  c.cust_mobile
		 FROM customer c LEFT JOIN base_dict b  ON c.cust_source=b.dict_id
		                 LEFT JOIN base_dict d  ON c.cust_industry=d.dict_id
		                 LEFT JOIN base_dict e  ON c.cust_level=e.dict_id
		<!--将公告的sql片段引入进来-->
		<include refid="quer_sql_customerbyqueryvo"/>
		
		limit #{start},#{rows}
		
	</select>
	
	<!--根据queryVo 查询用户总共记录条目数-->
	<select id="getCount" parameterType="queryVo" resultType="int">
		SELECT  
		  count(1)
		 FROM customer c LEFT JOIN base_dict b  ON c.cust_source=b.dict_id
		                 LEFT JOIN base_dict d  ON c.cust_industry=d.dict_id
		                 LEFT JOIN base_dict e  ON c.cust_level=e.dict_id
		<!--将公告的sql片段引入进来-->
		<include refid="quer_sql_customerbyqueryvo"/>
	</select>
	
	
	  <!-- 根据客户id查询用户信息-->
	  <select id="getCustomerById" parameterType="long" resultType="customer">
	  	SELECT * FROM customer WHERE cust_id =#{id}
	  </select>
	
	<!--更改客户信息-->
	<update id="updateCustomer" parameterType="customer" >
		UPDATE customer 
		<set>
			<if test="cust_name!=null and cust_name!=''">
				cust_name=#{cust_name},
			</if>
			<if test="cust_user_id!=null and cust_user_id!=''">
				cust_user_id=#{cust_user_id},
			</if>
			<if test="cust_create_id!=null and cust_create_id!=''">
				cust_create_id=#{cust_create_id},
			</if>
			
			<if test="cust_source!=null and cust_source!=''">
				cust_source=#{cust_source},
			</if>
			<if test="cust_industry!=null and cust_industry!=''">
				cust_industry=#{cust_industry},
			</if>
			<if test="cust_level!=null and cust_level!=''">
				cust_level=#{cust_level},
			</if>
			<if test="cust_linkman!=null and cust_linkman!=''">
				cust_linkman=#{cust_linkman},
			</if>
			<if test="cust_phone!=null and cust_phone!=''">
				cust_phone=#{cust_phone},
			</if>
			<if test="cust_mobile!=null and cust_mobile!=''">
				cust_mobile=#{cust_mobile},
			</if>
			<if test="cust_zipcode!=null and cust_zipcode!=''">
				cust_zipcode=#{cust_zipcode},
			</if>
			<if test="cust_address!=null and cust_address!=''">
				cust_address=#{cust_address},
			</if>
			<if test="cust_createtime!=null and cust_createtime!=''">
				cust_createtime=#{cust_createtime},
			</if>
		</set>
			where cust_id =#{cust_id}
	</update>
	
	
	<!-- 根据用于ID删除客户-->
	<delete id="deleteCustomer" parameterType="long">
		delete from customer where  cust_id =#{id}
	</delete>
	
</mapper>