<?xml version="1.0" encoding="UTF-8"?>
<beans xmlns="http://www.springframework.org/schema/beans"
	xmlns:xsi="http://www.w3.org/2001/XMLSchema-instance" xmlns:p="http://www.springframework.org/schema/p"
	xmlns:context="http://www.springframework.org/schema/context"
	xmlns:mvc="http://www.springframework.org/schema/mvc"
	xsi:schemaLocation="http://www.springframework.org/schema/beans 
	     http://www.springframework.org/schema/beans/spring-beans-4.2.xsd
        http://www.springframework.org/schema/mvc 
        http://www.springframework.org/schema/mvc/spring-mvc-4.2.xsd
        http://www.springframework.org/schema/context 
        http://www.springframework.org/schema/context/spring-context-4.2.xsd">
	
	<!--配置批量扫描带有@Controller注解的包下的类-->
	<context:component-scan base-package="com.itcast.ssm.controller"></context:component-scan>
	
	<!--注解映射器 -->  
    <!-- <bean class="org.springframework.web.servlet.mvc.method.annotation.RequestMappingHandlerMapping"/> -->  
    <!--注解适配器 -->  
    <!-- <bean class="org.springframework.web.servlet.mvc.method.annotation.RequestMappingHandlerAdapter"/> --> 
	<!--  
		使用mvc:annotation-driven 代替上边注解映射器和注解适配器
		mvc:annotation-driven默认加载了很多的参数绑定，比如json转换器就默认加载了
	-->	
	<bean id="conversionService" class="org.springframework.format.support.FormattingConversionServiceFactoryBean">
		<property name="converters">
			 <list>    
                <bean class="com.itcast.ssm.utils.DateConverter" />    
            </list>    
		</property>
	</bean>
	
	<mvc:annotation-driven  conversion-service="conversionService" />
		
	
	<!--配置视图解析器，用于解析jsp，默认使用jstl标签-->
	<bean class="org.springframework.web.servlet.view.InternalResourceViewResolver">
		<!-- 配置前缀-->
		<property name="prefix" value="/WEB-INF/jsp/"></property>
		<!-- 配置后缀-->
		<property name="suffix" value=".jsp"></property>
	</bean>
	
	
	
</beans>	